id,day,pressure,maxtemp,temparature,mintemp,dewpoint,humidity,cloud,sunshine,winddirection,windspeed,rainfall
1460,1,1021.9,19.3,18.1,17.3,16.3,95.0,100.0,0.0,70.0,26.5,1
1461,2,1015.3,21.9,18.7,17.3,16.8,85.0,95.0,0.0,60.0,21.9,1
1462,3,1017.7,20.9,19.3,18.9,18.0,87.0,91.0,0.0,70.0,50.7,1
1463,4,1020.0,21.1,18.4,16.6,14.0,75.0,56.0,3.3,60.0,55.5,0
1464,5,1027.1,10.8,7.4,8.1,2.5,61.0,95.0,0.1,20.0,24.0,1
1465,6,1022.7,15.1,13.3,9.8,11.5,93.0,100.0,0.0,40.0,24.5,1
1466,7,1027.4,10.4,10.4,8.1,2.2,77.0,92.0,0.0,60.0,39.5,1
1467,8,1017.8,17.4,13.7,9.8,11.4,98.0,99.0,0.0,50.0,38.3,1
1468,9,1024.7,10.9,8.9,7.0,4.6,79.0,96.0,0.0,70.0,27.9,1
1469,10,1023.8,15.1,13.2,9.6,4.0,70.0,61.0,10.1,20.0,27.3,0
1470,11,1017.7,14.6,11.6,10.0,10.9,92.0,88.0,0.1,70.0,50.6,1
1471,12,1019.0,16.3,12.1,10.3,8.7,66.0,88.0,0.2,20.0,23.4,1
1472,13,1023.9,18.2,17.2,15.4,13.7,69.0,55.0,2.4,60.0,55.5,0
1473,14,1022.9,18.5,16.5,14.7,15.0,91.0,93.0,0.0,20.0,25.0,1
1474,15,1024.3,17.5,13.1,11.4,3.1,58.0,81.0,0.0,20.0,14.6,1
1475,16,1023.3,15.3,13.3,10.6,3.2,72.0,22.0,9.2,20.0,44.7,0
1476,17,1020.8,16.2,13.1,10.6,1.1,77.0,60.0,10.2,20.0,30.3,0
1477,18,1024.9,15.3,12.8,10.0,8.6,63.0,91.0,0.0,20.0,18.0,1
1478,19,1027.8,19.7,16.7,14.7,11.1,67.0,44.0,9.9,20.0,20.5,0
1479,20,1023.6,12.5,10.4,8.8,6.2,72.0,20.0,9.1,20.0,33.4,0
1480,21,1020.1,13.3,14.4,11.6,10.5,89.0,85.0,1.9,20.0,9.9,1
1481,22,1021.8,21.8,18.4,16.5,14.0,72.0,40.0,10.0,40.0,14.6,0
1482,23,1018.7,15.4,13.1,13.4,12.3,95.0,87.0,0.3,50.0,12.4,1
1483,24,1013.4,23.1,21.1,20.7,20.8,98.0,88.0,0.0,50.0,39.9,1
1484,25,1026.9,19.6,18.6,17.9,12.4,85.0,88.0,0.5,20.0,21.6,1
1485,26,1014.2,18.6,17.1,16.9,16.8,95.0,95.0,0.0,60.0,27.4,1
1486,27,1017.4,25.3,22.1,20.4,19.6,72.0,20.0,10.1,40.0,15.2,0
1487,28,1020.5,21.8,18.2,15.8,9.7,62.0,19.0,9.2,20.0,26.1,0
1488,29,1019.7,17.6,15.4,14.4,14.3,90.0,96.0,0.0,40.0,15.5,1
1489,30,1025.8,17.3,15.4,13.3,3.7,64.0,91.0,2.4,70.0,18.0,0
1490,31,1013.9,20.9,20.6,19.4,19.9,73.0,83.0,2.0,70.0,14.8,0
1491,32,1016.2,24.8,18.6,17.3,16.5,75.0,78.0,1.2,15.0,22.3,1
1492,33,1016.8,23.4,22.4,20.8,16.5,76.0,45.0,9.5,80.0,39.7,1
1493,34,1020.4,17.2,15.1,14.0,14.1,89.0,88.0,0.0,60.0,29.8,1
1494,35,1025.2,16.8,13.5,10.6,10.1,72.0,40.0,9.2,20.0,16.0,0
1495,36,1015.0,23.5,21.6,20.4,20.6,75.0,48.0,9.5,40.0,21.2,0
1496,37,1024.9,17.3,15.2,14.6,11.5,79.0,46.0,5.0,70.0,39.5,1
1497,38,1020.2,21.2,18.9,17.2,15.0,74.0,35.0,9.8,30.0,18.6,0
1498,39,1025.4,18.8,16.1,13.8,11.1,76.0,49.0,9.1,20.0,30.2,0
1499,40,1021.2,16.5,15.9,13.1,12.6,92.0,90.0,0.0,20.0,29.8,1
1500,41,1020.4,20.7,18.4,17.6,14.3,78.0,90.0,0.2,70.0,43.8,1
1501,42,1012.5,25.3,21.5,19.1,19.9,89.0,76.0,3.5,40.0,15.8,0
1502,43,1020.6,18.9,15.2,14.7,13.3,75.0,46.0,9.8,20.0,24.5,0
1503,44,1019.9,17.1,16.1,15.3,12.9,89.0,91.0,0.0,60.0,37.5,1
1504,45,1022.1,20.5,19.0,17.2,16.9,82.0,78.0,1.1,70.0,21.9,0
1505,46,1023.8,18.5,16.7,15.6,15.9,91.0,89.0,1.7,40.0,9.5,0
1506,47,1013.0,21.3,18.6,17.1,16.0,79.0,86.0,0.0,70.0,30.6,1
1507,48,1022.5,19.0,17.8,16.9,15.0,95.0,95.0,0.0,60.0,41.3,1
1508,49,1013.4,20.3,18.1,17.4,16.8,79.0,88.0,0.1,20.0,8.9,1
1509,50,1017.8,17.4,16.0,15.0,15.5,86.0,79.0,0.1,60.0,12.5,1
1510,51,1016.5,17.4,16.6,15.3,14.4,87.0,100.0,0.0,20.0,40.8,1
1511,52,1013.3,17.1,16.6,15.9,16.0,94.0,100.0,0.0,60.0,35.1,1
1512,53,1019.9,21.3,19.5,18.4,18.1,81.0,84.0,0.5,50.0,20.0,1
1513,54,1016.0,22.1,20.4,19.0,18.9,92.0,86.0,0.0,50.0,14.0,1
1514,55,1025.9,18.6,16.6,15.6,13.7,78.0,88.0,0.0,40.0,24.4,0
1515,56,1014.8,21.2,20.8,19.2,17.1,86.0,83.0,1.6,50.0,21.9,1
1516,57,1012.2,18.5,17.6,15.4,13.1,94.0,88.0,0.2,100.0,23.5,1
1517,58,1012.2,19.4,17.3,15.6,15.9,87.0,87.0,2.3,50.0,28.4,1
1518,59,1018.1,20.4,17.6,15.6,15.6,97.0,99.0,1.6,80.0,19.2,1
1519,60,1020.9,17.3,16.3,15.2,12.7,76.0,83.0,0.0,50.0,29.7,1
1520,61,1022.5,15.5,13.7,12.3,10.0,92.0,95.0,0.0,20.0,26.5,0
1521,62,1022.3,15.5,13.6,11.7,11.5,92.0,95.0,0.0,20.0,25.0,1
1522,63,1013.9,23.1,21.5,20.1,19.3,77.0,88.0,0.0,70.0,32.5,1
1523,64,1022.9,20.9,18.1,14.0,12.1,98.0,91.0,0.0,20.0,27.1,1
1524,65,1020.4,19.2,18.1,17.1,14.9,75.0,91.0,0.0,60.0,26.2,1
1525,66,1023.5,15.9,12.8,10.1,11.7,65.0,83.0,0.0,20.0,17.5,1
1526,67,1014.8,21.3,19.9,17.6,18.1,90.0,82.0,2.5,20.0,21.6,1
1527,68,1014.5,16.3,15.3,14.6,13.3,92.0,99.0,0.0,70.0,34.0,1
1528,69,1023.8,17.2,14.8,11.7,8.4,69.0,22.0,9.0,20.0,12.5,0
1529,70,1020.3,18.5,19.2,17.7,13.3,60.0,38.0,9.3,60.0,8.5,0
1530,71,1017.4,25.2,20.6,19.9,19.9,79.0,81.0,2.5,50.0,16.0,1
1531,72,1022.1,22.8,18.6,16.7,12.4,65.0,67.0,2.7,50.0,32.9,0
1532,73,1016.4,24.9,22.2,20.8,17.8,79.0,83.0,3.5,70.0,29.8,0
1533,74,1017.1,26.8,21.8,19.9,18.5,79.0,28.0,9.5,70.0,7.4,0
1534,75,1013.6,26.5,23.1,19.1,16.8,86.0,75.0,6.7,60.0,28.6,0
1535,76,1012.5,26.9,22.5,17.7,14.0,69.0,68.0,7.5,70.0,9.2,0
1536,77,1016.8,25.2,23.1,21.3,21.4,94.0,88.0,0.0,80.0,19.3,1
1537,78,1012.5,26.3,24.3,23.1,22.1,93.0,86.0,2.2,80.0,29.6,1
1538,79,1012.5,27.8,25.5,24.4,22.9,86.0,82.0,2.4,70.0,28.0,0
1539,80,1011.3,22.2,19.8,18.7,16.9,86.0,89.0,0.1,40.0,37.0,1
1540,81,1010.5,19.6,18.2,18.0,16.5,95.0,95.0,0.0,70.0,19.0,1
1541,82,1010.8,24.3,21.4,20.4,19.5,86.0,77.0,7.3,60.0,9.5,1
1542,83,1011.5,26.5,23.1,20.6,17.0,91.0,89.0,0.3,70.0,12.1,1
1543,84,1011.4,24.4,22.1,21.3,22.1,88.0,82.0,0.5,40.0,16.2,1
1544,85,1011.2,24.7,21.4,20.1,20.6,92.0,83.0,0.4,120.0,5.5,1
1545,86,1016.8,26.1,24.8,22.0,22.3,84.0,90.0,0.5,40.0,22.2,1
1546,87,1014.9,27.3,25.9,23.1,21.4,92.0,90.0,4.4,80.0,30.3,1
1547,88,1010.1,27.1,25.7,23.1,20.1,90.0,83.0,1.0,190.0,12.1,1
1548,89,1010.6,25.2,24.3,24.4,21.6,95.0,86.0,0.0,50.0,17.3,1
1549,90,1013.0,27.8,25.5,23.6,20.8,90.0,81.0,1.0,70.0,26.4,0
1550,91,1012.5,28.4,23.8,21.0,22.1,91.0,86.0,2.0,70.0,24.2,1
1551,92,1010.2,28.2,25.5,23.3,22.9,90.0,83.0,3.0,210.0,12.1,1
1552,93,1011.5,26.2,25.2,24.3,23.8,89.0,88.0,1.2,50.0,21.4,1
1553,94,1014.6,25.4,24.7,23.2,23.2,96.0,85.0,3.5,80.0,17.2,1
1554,95,1012.5,27.6,25.5,24.0,22.9,86.0,83.0,3.5,40.0,22.5,1
1555,96,1010.1,27.6,25.8,24.5,19.5,94.0,88.0,1.0,40.0,16.9,1
1556,97,1013.4,27.7,25.8,24.5,23.1,85.0,88.0,0.6,70.0,7.3,1
1557,98,1012.0,28.2,25.2,24.5,24.4,86.0,88.0,1.1,120.0,9.8,1
1558,99,1007.8,28.5,26.2,24.3,23.8,87.0,69.0,5.0,70.0,15.1,0
1559,100,1012.4,25.2,23.1,21.7,18.2,80.0,83.0,3.9,60.0,34.3,1
1560,101,1014.5,28.2,25.9,23.7,23.4,79.0,81.0,1.2,220.0,15.7,1
1561,102,1014.5,29.4,26.8,24.7,23.6,82.0,89.0,1.4,280.0,12.7,1
1562,103,1008.5,30.3,27.1,25.8,24.4,81.0,84.0,1.0,40.0,24.2,1
1563,104,1010.4,27.7,25.8,24.8,23.3,82.0,84.0,3.2,170.0,26.3,1
1564,105,1013.0,27.9,26.5,25.4,24.7,91.0,88.0,0.4,100.0,35.1,1
1565,106,1009.9,30.8,28.1,25.1,25.2,89.0,88.0,1.0,200.0,16.2,1
1566,107,1013.3,29.8,27.6,26.6,24.4,90.0,80.0,3.5,240.0,18.4,1
1567,108,1009.9,28.6,26.9,25.8,25.3,81.0,85.0,1.2,30.0,26.8,1
1568,109,1010.5,30.8,28.1,25.0,25.0,81.0,86.0,2.1,90.0,14.3,1
1569,110,1008.8,27.7,25.8,24.8,24.8,87.0,88.0,0.9,220.0,21.9,1
1570,111,1010.3,30.1,27.8,24.2,23.3,85.0,79.0,7.8,90.0,22.3,1
1571,112,1012.3,27.4,25.4,24.9,23.1,80.0,70.0,6.4,230.0,16.5,1
1572,113,1013.4,30.6,27.6,25.5,23.1,76.0,78.0,5.8,80.0,16.9,1
1573,114,1009.9,27.4,26.9,24.2,24.6,84.0,72.0,6.9,70.0,12.5,1
1574,115,1010.5,30.9,27.4,25.0,25.0,89.0,81.0,1.0,230.0,24.4,1
1575,116,1009.9,28.5,26.8,24.9,19.8,87.0,71.0,6.6,20.0,18.0,1
1576,117,1013.0,29.0,26.9,24.9,22.4,88.0,88.0,6.1,60.0,33.5,1
1577,118,1008.9,30.1,28.0,26.0,25.3,89.0,88.0,0.3,110.0,9.4,1
1578,119,1012.1,26.7,24.7,23.4,23.0,85.0,81.0,2.5,70.0,39.5,1
1579,120,1011.6,29.2,26.1,24.8,23.8,91.0,88.0,0.1,80.0,18.4,1
1580,121,1006.8,29.5,26.9,25.8,25.3,89.0,86.0,1.6,220.0,9.2,1
1581,122,1006.3,30.8,27.9,26.6,23.1,89.0,82.0,2.1,190.0,15.3,1
1582,123,1006.4,30.3,28.6,26.8,24.5,94.0,88.0,0.3,230.0,20.9,1
1583,124,1012.4,30.4,26.8,24.5,23.1,82.0,61.0,5.0,80.0,9.1,1
1584,125,1011.2,28.0,25.4,24.0,23.0,86.0,82.0,1.1,80.0,7.9,1
1585,126,1006.7,27.8,25.1,24.1,22.9,89.0,87.0,1.8,200.0,20.8,1
1586,127,1008.8,30.7,27.5,24.0,25.5,84.0,87.0,2.4,190.0,21.9,1
1587,128,1009.8,28.4,26.2,25.9,25.4,77.0,78.0,3.3,70.0,31.9,1
1588,129,1007.2,30.7,29.0,26.4,25.3,84.0,77.0,2.4,150.0,12.0,1
1589,130,1008.3,32.0,28.7,24.9,21.6,84.0,75.0,6.7,20.0,7.9,1
1590,131,1012.2,31.9,29.9,28.3,24.9,75.0,72.0,8.4,180.0,8.0,1
1591,132,1009.6,32.5,29.6,27.5,25.9,89.0,89.0,3.2,220.0,17.2,1
1592,133,1008.1,33.0,30.1,28.1,26.1,79.0,78.0,7.7,230.0,26.8,1
1593,134,1008.1,31.6,27.2,26.4,24.3,89.0,88.0,6.0,230.0,25.0,1
1594,135,1008.0,33.2,30.1,27.2,24.4,87.0,83.0,5.0,50.0,38.3,1
1595,136,1007.9,31.5,28.5,26.9,25.5,82.0,88.0,2.4,230.0,20.8,1
1596,137,1011.5,29.1,26.8,24.8,22.9,78.0,60.0,8.4,20.0,19.0,0
1597,138,1006.7,31.7,28.6,27.3,25.3,90.0,77.0,1.1,230.0,23.3,1
1598,139,1008.2,32.3,29.4,26.3,25.3,84.0,72.0,7.7,220.0,9.5,1
1599,140,1008.6,33.8,30.2,28.1,25.9,81.0,51.0,10.6,240.0,33.2,0
1600,141,1008.9,33.3,30.2,28.4,25.9,76.0,49.0,9.2,220.0,29.3,1
1601,142,1008.5,32.4,29.9,27.6,26.1,82.0,89.0,1.1,220.0,4.5,1
1602,143,1009.1,30.6,27.9,26.9,25.6,88.0,83.0,2.5,290.0,39.5,1
1603,144,1005.3,31.3,29.4,28.3,26.3,84.0,88.0,0.3,220.0,28.8,1
1604,145,1009.5,33.2,30.3,28.1,25.9,72.0,60.0,9.7,220.0,28.8,0
1605,146,1005.9,32.9,30.1,29.3,26.3,81.0,83.0,2.1,230.0,16.3,1
1606,147,1006.8,32.8,30.0,28.1,24.0,76.0,48.0,7.8,10.0,11.3,1
1607,148,1007.9,32.0,29.7,28.0,25.2,70.0,38.0,9.1,220.0,11.8,0
1608,149,1009.9,33.7,29.1,28.9,25.7,79.0,56.0,7.1,100.0,39.5,1
1609,150,1008.2,33.9,29.1,26.4,24.4,79.0,83.0,6.4,230.0,24.5,0
1610,151,1009.7,32.4,30.7,29.1,26.3,87.0,78.0,6.3,220.0,46.3,1
1611,152,1008.9,33.7,30.6,28.9,26.7,87.0,84.0,3.3,230.0,24.2,1
1612,153,1009.5,33.7,30.7,26.8,24.3,74.0,72.0,7.7,210.0,15.9,0
1613,154,1008.5,34.2,30.1,28.7,24.4,72.0,22.0,10.5,240.0,9.5,0
1614,155,1008.7,34.8,30.4,28.4,26.3,80.0,81.0,6.4,290.0,7.4,1
1615,156,1006.5,34.8,30.0,26.3,24.3,60.0,38.0,11.4,220.0,9.2,0
1616,157,1008.2,33.2,30.4,29.0,24.0,72.0,35.0,11.4,180.0,9.1,0
1617,158,1005.5,33.1,30.0,28.4,26.1,81.0,88.0,0.1,240.0,15.2,1
1618,159,1007.9,33.0,30.1,27.8,25.1,76.0,32.0,6.4,220.0,11.7,0
1619,160,1005.3,34.0,30.2,28.0,25.0,75.0,41.0,12.0,220.0,12.5,0
1620,161,1006.5,33.2,30.7,28.7,26.2,89.0,88.0,1.3,190.0,15.4,1
1621,162,1006.5,32.6,29.8,27.4,25.0,85.0,74.0,6.7,100.0,12.6,1
1622,163,1008.4,32.0,29.6,27.3,25.3,82.0,69.0,9.1,220.0,26.0,1
1623,164,1007.9,33.3,30.1,28.1,26.1,80.0,83.0,6.9,230.0,27.6,1
1624,165,1007.8,32.0,29.0,27.7,26.5,78.0,84.0,6.5,210.0,27.1,1
1625,166,1007.7,34.7,30.7,28.4,25.0,74.0,44.0,8.4,210.0,10.9,1
1626,167,1008.9,31.4,29.4,27.5,26.7,86.0,84.0,1.2,220.0,28.6,1
1627,168,1007.7,31.2,28.9,25.8,24.7,84.0,67.0,7.9,220.0,12.8,1
1628,169,1005.5,31.7,29.0,27.2,24.8,79.0,67.0,4.2,190.0,33.0,1
1629,170,999.6,32.3,29.9,26.9,26.0,77.0,84.0,7.1,180.0,23.5,1
1630,171,1008.1,33.8,30.0,28.0,26.3,86.0,81.0,2.1,240.0,30.6,1
1631,172,1006.8,35.3,31.3,28.0,26.4,75.0,32.0,10.6,150.0,12.5,1
1632,173,1003.5,29.7,27.8,26.0,25.9,86.0,88.0,0.0,230.0,13.1,1
1633,174,1005.5,31.4,28.9,26.3,26.3,87.0,80.0,5.9,230.0,14.2,0
1634,175,1009.4,31.2,28.4,26.5,25.8,85.0,88.0,0.7,220.0,18.6,1
1635,176,1007.9,32.0,29.2,27.7,25.1,82.0,57.0,5.1,270.0,26.2,1
1636,177,1002.5,34.0,30.7,27.0,26.2,83.0,77.0,3.7,230.0,13.1,1
1637,178,1008.6,33.0,30.7,27.0,26.7,79.0,86.0,2.5,230.0,25.0,1
1638,179,1009.9,32.7,30.1,28.9,26.1,81.0,53.0,5.0,220.0,15.0,1
1639,180,1009.1,34.7,30.6,28.2,25.8,87.0,85.0,1.1,220.0,17.2,1
1640,181,1006.1,35.1,30.3,27.3,26.3,85.0,80.0,5.6,230.0,22.5,1
1641,182,1010.7,30.8,28.7,27.6,25.3,78.0,51.0,9.2,200.0,20.5,1
1642,183,1010.9,34.0,30.6,27.9,26.0,84.0,73.0,2.8,280.0,16.4,1
1643,184,1010.9,32.8,29.9,28.0,25.3,80.0,83.0,6.3,230.0,15.5,1
1644,185,1005.0,32.2,29.3,25.4,25.0,72.0,49.0,8.3,270.0,24.3,0
1645,186,1007.6,34.7,31.4,26.0,26.4,80.0,28.0,11.2,170.0,9.9,0
1646,187,1007.9,31.7,28.1,26.4,24.8,78.0,29.0,7.1,220.0,8.3,0
1647,188,1000.0,33.0,30.0,29.0,25.3,77.0,38.0,10.0,170.0,15.3,0
1648,189,1008.1,32.2,28.9,26.9,25.6,77.0,47.0,8.8,100.0,16.0,0
1649,190,1008.8,32.8,29.1,26.4,25.7,84.0,88.0,2.2,210.0,9.5,1
1650,191,1009.9,33.3,29.4,28.4,25.2,81.0,80.0,6.9,220.0,16.0,1
1651,192,1009.1,32.1,29.3,27.4,25.4,84.0,80.0,6.5,220.0,17.2,1
1652,193,1008.1,32.0,29.1,27.1,26.1,81.0,82.0,2.2,230.0,17.3,1
1653,194,1009.3,33.0,30.7,28.4,24.5,72.0,32.0,10.4,260.0,21.8,0
1654,195,1007.9,33.5,30.1,27.8,24.5,74.0,43.0,10.8,20.0,8.0,0
1655,196,1008.9,32.0,29.4,27.5,25.4,79.0,78.0,6.4,10.0,11.1,1
1656,197,1009.4,33.4,30.2,28.2,24.5,82.0,78.0,8.8,230.0,22.1,1
1657,198,1008.8,33.3,30.1,27.9,24.3,75.0,48.0,10.1,220.0,15.8,0
1658,199,1009.2,32.2,29.6,26.8,24.8,78.0,44.0,10.0,190.0,11.0,0
1659,200,1006.4,35.8,30.2,28.8,24.9,80.0,33.0,11.4,230.0,14.5,0
1660,201,999.0,35.2,31.0,28.1,26.1,77.0,57.0,10.1,160.0,12.0,1
1661,202,1007.8,35.6,31.3,26.9,26.3,80.0,83.0,6.5,20.0,25.5,1
1662,203,1010.9,31.7,28.4,26.0,25.4,84.0,84.0,2.2,40.0,17.2,0
1663,204,1006.6,33.0,28.2,26.2,24.4,75.0,72.0,8.5,220.0,9.8,0
1664,205,1011.6,34.0,31.1,26.8,26.1,87.0,80.0,8.3,160.0,13.0,1
1665,206,1009.9,32.2,28.2,26.3,25.6,86.0,85.0,1.0,220.0,7.9,1
1666,207,1011.1,31.5,28.9,26.7,25.7,89.0,81.0,2.5,100.0,24.4,1
1667,208,1010.4,31.0,29.6,26.9,26.5,81.0,77.0,4.6,90.0,19.8,1
1668,209,1005.1,32.4,30.0,29.2,25.2,82.0,81.0,3.6,200.0,15.3,1
1669,210,1006.2,30.6,28.8,25.2,25.1,65.0,55.0,3.4,70.0,18.0,0
1670,211,1011.1,31.9,28.3,26.6,24.3,85.0,88.0,1.0,80.0,14.6,1
1671,212,1008.5,31.5,28.4,26.8,24.3,81.0,82.0,6.0,230.0,25.2,1
1672,213,1005.9,30.0,29.9,28.1,25.8,82.0,69.0,6.9,300.0,17.2,1
1673,214,1005.3,28.7,27.4,25.4,24.4,89.0,87.0,0.1,220.0,22.5,1
1674,215,1008.3,31.0,28.1,26.8,25.9,79.0,87.0,1.5,220.0,25.1,1
1675,216,1006.5,31.8,28.3,26.7,25.3,81.0,88.0,3.6,220.0,12.6,1
1676,217,1008.2,31.7,29.8,27.7,23.4,81.0,70.0,9.4,130.0,10.0,1
1677,218,1008.5,32.0,29.8,28.1,25.3,81.0,78.0,6.7,300.0,21.9,1
1678,219,1006.9,35.1,31.0,26.5,25.0,76.0,60.0,10.8,60.0,12.6,1
1679,220,1001.5,33.9,30.6,26.3,24.8,74.0,41.0,9.8,70.0,12.3,0
1680,221,1005.4,31.9,28.2,25.6,23.3,81.0,40.0,9.8,280.0,8.3,0
1681,222,1005.9,28.6,27.8,25.4,25.3,91.0,88.0,0.1,190.0,11.7,1
1682,223,1007.8,30.7,27.8,26.5,24.5,84.0,87.0,0.3,230.0,20.4,1
1683,224,1007.9,31.4,28.3,26.5,25.0,81.0,88.0,3.2,220.0,15.7,1
1684,225,1008.1,29.6,26.5,25.0,23.2,78.0,43.0,9.8,110.0,8.9,0
1685,226,1008.3,30.1,26.8,24.5,24.1,81.0,67.0,7.5,100.0,6.1,1
1686,227,1005.2,29.1,26.5,25.5,25.4,89.0,88.0,0.8,60.0,19.3,1
1687,228,1008.1,28.2,26.0,24.8,24.7,89.0,84.0,1.2,180.0,8.1,1
1688,229,1010.4,29.7,27.8,26.4,25.8,73.0,78.0,6.8,100.0,8.9,0
1689,230,1008.5,29.5,26.5,25.4,25.4,84.0,88.0,1.1,80.0,22.5,1
1690,231,1007.5,32.1,29.5,28.4,23.1,79.0,60.0,7.5,180.0,22.0,1
1691,232,1011.0,30.8,27.7,25.5,23.1,84.0,72.0,8.5,140.0,11.8,1
1692,233,1009.5,31.0,29.8,28.2,24.5,78.0,78.0,7.7,220.0,26.4,1
1693,234,1008.7,32.9,29.4,26.7,25.8,78.0,84.0,3.6,220.0,20.0,1
1694,235,1011.1,29.1,26.7,24.8,23.3,79.0,78.0,4.6,220.0,25.2,1
1695,236,1011.0,28.3,27.2,25.9,22.5,75.0,32.0,8.5,20.0,5.7,0
1696,237,1008.8,31.2,28.1,26.9,25.8,86.0,83.0,2.5,220.0,38.0,1
1697,238,1010.4,30.3,27.6,25.5,21.9,80.0,68.0,7.6,60.0,36.0,1
1698,239,1012.7,28.5,25.9,24.5,22.9,82.0,60.0,9.3,60.0,15.0,0
1699,240,1013.3,31.3,28.7,26.9,24.7,76.0,75.0,2.8,120.0,18.8,1
1700,241,1013.2,31.7,28.0,26.8,24.4,76.0,46.0,8.8,220.0,30.5,1
1701,242,1011.4,30.8,28.2,26.9,25.2,78.0,76.0,3.9,200.0,25.0,1
1702,243,1007.9,29.2,28.2,26.7,25.9,85.0,88.0,0.4,70.0,28.4,1
1703,244,1011.4,27.9,26.6,25.4,25.6,90.0,85.0,1.2,190.0,15.0,1
1704,245,1014.8,31.9,28.0,26.5,24.8,74.0,46.0,7.6,50.0,12.6,0
1705,246,1013.0,31.7,28.3,26.8,25.3,81.0,84.0,2.1,140.0,8.1,0
1706,247,1011.4,31.5,28.7,26.4,24.5,82.0,84.0,3.6,180.0,13.9,1
1707,248,1009.9,31.3,29.7,26.8,24.5,77.0,83.0,0.7,220.0,37.0,1
1708,249,1006.2,31.0,29.7,28.0,26.3,73.0,88.0,2.1,230.0,38.3,1
1709,250,1006.6,29.4,27.5,25.8,25.5,86.0,82.0,1.6,70.0,13.0,1
1710,251,1006.4,30.6,28.6,26.4,24.8,80.0,83.0,0.6,190.0,23.9,1
1711,252,1007.4,30.4,28.8,26.8,24.8,58.0,46.0,9.1,230.0,16.0,0
1712,253,1011.4,32.0,29.8,26.8,22.1,73.0,50.0,10.0,10.0,12.0,0
1713,254,1010.1,29.3,27.8,26.3,25.4,82.0,83.0,3.1,90.0,20.7,0
1714,255,1011.5,29.7,27.9,25.8,25.5,81.0,88.0,2.5,80.0,15.7,1
1715,256,1008.1,29.7,26.9,24.3,24.4,87.0,78.0,3.5,220.0,37.9,1
1716,257,1008.7,30.1,28.0,27.9,26.3,91.0,89.0,2.1,80.0,25.0,1
1717,258,1011.2,28.9,26.7,24.8,23.9,86.0,65.0,5.2,90.0,50.7,1
1718,259,1014.1,27.6,26.4,25.5,25.8,93.0,88.0,0.4,100.0,16.1,1
1719,260,1005.9,28.8,27.5,26.0,25.0,93.0,88.0,0.0,230.0,25.0,1
1720,261,1012.2,28.2,26.4,25.4,24.4,89.0,90.0,1.2,40.0,19.8,1
1721,262,1008.2,29.5,26.6,24.9,24.2,82.0,87.0,0.4,220.0,13.2,1
1722,263,1005.3,28.7,25.3,23.5,22.3,88.0,84.0,1.2,30.0,7.9,1
1723,264,1017.5,31.3,28.0,25.5,26.3,84.0,89.0,2.2,170.0,13.8,1
1724,265,1018.1,27.5,26.2,24.0,23.2,77.0,53.0,11.0,230.0,11.1,0
1725,266,1016.8,31.1,28.8,26.1,24.3,82.0,79.0,5.0,300.0,10.3,0
1726,267,1016.3,30.0,28.3,26.8,24.7,79.0,49.0,4.2,180.0,31.7,1
1727,268,1016.4,30.5,26.8,24.2,23.1,76.0,56.0,5.7,180.0,23.2,1
1728,269,1018.6,26.0,24.4,22.4,22.3,92.0,89.0,0.4,80.0,25.1,1
1729,270,1017.8,30.3,27.1,24.8,24.8,81.0,72.0,7.7,230.0,11.9,0
1730,271,1011.5,26.2,23.9,22.9,22.8,93.0,84.0,1.6,80.0,41.3,1
1731,272,1018.8,29.8,27.9,26.3,23.1,78.0,79.0,3.6,70.0,11.1,0
1732,273,1015.6,28.2,26.6,25.4,25.4,87.0,82.0,0.3,80.0,25.1,1
1733,274,1017.8,24.9,22.8,21.1,19.9,81.0,83.0,2.4,60.0,23.7,1
1734,275,1017.3,24.4,23.9,21.3,19.6,79.0,47.0,9.5,80.0,9.1,0
1735,276,1016.0,28.7,26.0,25.3,22.8,89.0,81.0,2.1,220.0,17.2,1
1736,277,1012.0,30.8,27.0,24.0,20.6,75.0,48.0,9.1,10.0,21.6,0
1737,278,1016.8,26.6,25.4,24.7,21.4,79.0,77.0,3.4,80.0,27.1,1
1738,279,1017.8,27.7,24.2,23.8,22.4,83.0,82.0,7.6,80.0,15.9,1
1739,280,1016.4,25.1,23.1,21.1,21.8,80.0,61.0,7.8,80.0,12.1,0
1740,281,1017.1,29.8,25.4,23.7,21.4,77.0,83.0,6.0,70.0,15.5,1
1741,282,1016.7,26.3,25.8,24.5,22.0,83.0,80.0,6.5,70.0,28.4,1
1742,283,1011.5,28.6,25.3,22.5,22.9,80.0,67.0,8.8,80.0,33.4,1
1743,284,1019.9,26.6,24.9,22.3,19.5,76.0,44.0,8.8,50.0,18.0,1
1744,285,1018.8,26.6,24.3,23.1,19.7,79.0,78.0,3.0,80.0,29.0,1
1745,286,1010.5,28.3,25.5,23.2,19.6,74.0,49.0,7.8,90.0,39.5,1
1746,287,1013.0,28.7,25.9,24.0,23.2,80.0,81.0,1.0,70.0,15.9,1
1747,288,1014.1,28.2,24.1,22.5,20.8,83.0,71.0,6.8,90.0,22.0,1
1748,289,1014.9,25.3,23.3,22.3,20.4,78.0,80.0,1.0,40.0,29.7,1
1749,290,1015.0,27.1,24.5,21.0,21.6,81.0,81.0,3.5,40.0,13.2,1
1750,291,1017.7,27.7,25.9,23.4,21.1,81.0,86.0,2.5,80.0,24.5,1
1751,292,1013.0,30.2,26.3,24.2,21.8,83.0,84.0,3.1,70.0,14.5,1
1752,293,1010.3,30.6,27.0,25.5,23.4,84.0,58.0,7.7,100.0,14.8,0
1753,294,1012.5,26.7,24.5,23.7,22.6,77.0,84.0,3.5,80.0,22.0,1
1754,295,1018.1,26.8,24.5,23.1,22.2,82.0,81.0,1.6,80.0,26.7,1
1755,296,1016.8,26.0,24.8,23.7,21.4,85.0,83.0,0.0,70.0,31.7,0
1756,297,1017.2,28.9,25.2,23.7,19.1,87.0,82.0,2.0,70.0,16.2,0
1757,298,1014.8,28.2,25.5,24.0,22.1,87.0,80.0,3.5,40.0,15.8,1
1758,299,1015.2,26.3,23.1,21.3,20.7,91.0,88.0,0.0,50.0,20.5,1
1759,300,1018.9,24.5,23.7,20.4,16.0,93.0,88.0,2.9,50.0,25.0,1
1760,301,1018.3,27.4,25.8,24.2,23.7,88.0,84.0,3.9,80.0,14.5,1
1761,302,1017.7,25.3,24.9,22.8,21.6,82.0,83.0,3.5,50.0,8.3,0
1762,303,1016.4,27.2,25.4,24.0,22.9,84.0,85.0,3.4,40.0,8.0,1
1763,304,1017.7,26.8,25.8,22.1,21.3,81.0,88.0,2.4,70.0,8.6,1
1764,305,1019.0,28.4,25.9,23.1,21.6,84.0,81.0,2.3,70.0,7.9,1
1765,306,1014.3,28.2,26.6,23.4,23.8,79.0,47.0,4.9,70.0,24.8,0
1766,307,1015.0,27.9,26.1,25.2,23.5,89.0,88.0,2.4,80.0,21.8,1
1767,308,1017.1,29.1,26.0,24.9,23.3,84.0,77.0,4.6,70.0,12.4,1
1768,309,1014.6,29.1,25.8,23.3,22.3,84.0,70.0,6.7,40.0,9.1,1
1769,310,1015.2,25.8,22.2,18.9,14.6,75.0,56.0,5.9,70.0,14.3,0
1770,311,1014.3,22.2,20.7,20.1,20.4,92.0,88.0,0.0,50.0,13.0,1
1771,312,1017.0,24.8,22.1,20.6,19.4,90.0,87.0,2.7,70.0,39.9,1
1772,313,1021.1,22.3,19.6,19.3,16.3,78.0,58.0,1.1,30.0,11.1,1
1773,314,1016.8,25.6,22.1,21.0,19.8,92.0,88.0,0.1,70.0,28.8,1
1774,315,1018.5,21.3,18.3,17.2,15.1,86.0,88.0,0.7,50.0,17.2,1
1775,316,1018.0,21.5,20.9,19.3,19.3,91.0,84.0,1.1,70.0,33.4,1
1776,317,1015.1,27.5,23.7,22.2,21.3,91.0,93.0,5.9,70.0,22.5,1
1777,318,1021.6,23.4,19.7,18.5,15.4,80.0,78.0,0.0,70.0,16.4,1
1778,319,1015.5,23.7,21.5,20.2,18.8,87.0,88.0,0.5,80.0,29.0,1
1779,320,1019.8,20.1,19.2,18.4,16.8,82.0,91.0,0.0,70.0,38.0,1
1780,321,1020.5,21.3,17.5,15.3,14.3,78.0,46.0,9.7,70.0,11.9,1
1781,322,1017.7,20.6,17.8,15.5,13.3,79.0,85.0,5.9,20.0,24.2,1
1782,323,1017.4,18.4,17.4,16.5,15.3,95.0,95.0,0.0,10.0,24.4,1
1783,324,1017.9,21.2,19.4,17.2,16.8,95.0,95.0,0.0,50.0,16.4,1
1784,325,1018.5,20.6,18.1,16.3,15.3,93.0,93.0,0.4,80.0,20.3,1
1785,326,1018.3,18.5,18.0,17.2,16.4,95.0,95.0,0.0,40.0,13.0,1
1786,327,1020.2,20.7,18.6,17.7,14.2,70.0,38.0,9.1,20.0,24.5,0
1787,328,1022.8,21.3,18.6,16.2,15.3,59.0,46.0,8.4,70.0,29.8,1
1788,329,1017.1,18.2,17.8,16.8,15.4,93.0,95.0,0.1,60.0,20.5,1
1789,330,1020.4,17.2,15.5,14.6,12.9,92.0,88.0,0.0,20.0,31.7,1
1790,331,1021.8,16.5,15.3,12.7,13.9,76.0,86.0,0.1,10.0,21.8,1
1791,332,1020.6,17.1,13.2,12.7,9.3,59.0,84.0,0.0,10.0,22.3,1
1792,333,1025.6,20.3,18.0,17.7,13.5,75.0,77.0,1.0,20.0,26.0,1
1793,334,1024.8,17.1,15.0,14.4,13.4,75.0,59.0,8.7,60.0,29.7,0
1794,335,1019.8,16.2,15.4,14.6,12.0,95.0,95.0,0.0,50.0,15.7,1
1795,336,1020.3,17.3,16.6,15.3,13.6,92.0,86.0,0.0,20.0,28.4,1
1796,337,1020.9,18.8,16.1,14.7,12.1,75.0,81.0,1.6,30.0,13.8,1
1797,338,1024.1,17.4,16.4,14.9,11.2,75.0,43.0,6.5,30.0,21.5,0
1798,339,1022.5,20.6,16.6,14.8,11.5,65.0,49.0,9.1,10.0,27.4,0
1799,340,1023.6,17.4,14.8,11.6,11.6,77.0,88.0,0.1,50.0,25.1,1
1800,341,1024.1,17.5,14.8,14.0,10.0,73.0,88.0,0.0,20.0,29.0,0
1801,342,1022.3,15.5,13.7,11.6,1.7,95.0,94.0,0.0,20.0,33.2,1
1802,343,1018.4,21.4,18.8,17.5,18.1,70.0,67.0,2.9,20.0,12.3,1
1803,344,1022.9,21.4,19.4,18.6,17.4,70.0,59.0,5.7,20.0,10.3,0
1804,345,1022.4,18.0,14.8,13.6,11.6,75.0,88.0,0.0,30.0,20.0,1
1805,346,1016.8,23.5,22.2,20.1,18.0,75.0,79.0,4.5,80.0,25.5,1
1806,347,1018.9,21.3,19.7,18.3,15.5,86.0,83.0,0.6,20.0,20.5,1
1807,348,1021.3,15.5,13.8,11.6,11.6,93.0,88.0,0.0,20.0,24.2,1
1808,349,1020.6,16.2,15.2,14.6,14.7,93.0,88.0,0.1,60.0,33.4,1
1809,350,1020.6,18.8,16.5,13.9,12.0,73.0,90.0,0.0,40.0,30.3,1
1810,351,1023.4,20.6,18.8,16.4,15.0,58.0,57.0,9.0,60.0,19.2,0
1811,352,1016.8,22.3,20.7,20.4,19.6,90.0,88.0,0.0,50.0,28.3,1
1812,353,1018.0,18.6,17.7,15.8,14.9,79.0,91.0,0.0,70.0,26.1,1
1813,354,1016.7,22.9,20.3,19.1,17.6,85.0,89.0,0.6,40.0,22.2,1
1814,355,1022.4,21.3,20.7,19.6,16.4,76.0,44.0,3.0,50.0,24.9,0
1815,356,1024.0,20.3,20.5,17.8,14.5,77.0,86.0,0.0,60.0,34.3,1
1816,357,1020.4,19.6,18.0,16.4,13.3,77.0,91.0,0.0,20.0,28.6,1
1817,358,1017.7,20.6,16.8,14.6,12.1,79.0,80.0,2.3,60.0,33.0,1
1818,359,1017.5,17.5,16.4,15.8,15.9,85.0,91.0,1.5,50.0,19.0,1
1819,360,1016.7,16.7,15.5,14.8,13.6,97.0,93.0,0.0,50.0,25.1,1
1820,361,1015.2,17.5,16.6,15.6,15.5,95.0,88.0,0.0,60.0,37.7,1
1821,362,1011.5,20.9,17.4,16.6,16.0,87.0,90.0,0.6,20.0,23.3,1
1822,363,1012.6,20.5,19.2,18.4,17.9,93.0,93.0,0.0,30.0,31.9,1
1823,364,1014.3,19.7,18.4,16.4,16.4,82.0,81.0,2.4,20.0,30.0,1
1824,365,1013.3,17.4,16.6,15.3,15.4,96.0,91.0,1.6,60.0,43.8,1
1825,1,1013.4,16.2,15.2,13.9,15.9,86.0,88.0,0.0,20.0,43.1,1
1826,2,1014.3,23.1,20.7,17.6,18.5,92.0,88.0,0.6,70.0,41.4,1
1827,3,1014.9,16.4,15.3,14.4,14.0,96.0,100.0,0.0,50.0,55.5,1
1828,4,1032.3,17.3,17.3,16.7,16.6,73.0,83.0,0.0,30.0,19.3,1
1829,5,1027.9,17.3,14.8,11.7,9.6,77.0,89.0,0.0,20.0,42.0,1
1830,6,1025.9,17.0,13.7,12.4,9.8,96.0,94.0,0.0,30.0,21.9,1
1831,7,1020.8,12.2,10.2,7.7,2.7,46.0,29.0,9.0,20.0,26.0,0
1832,8,1017.8,17.2,17.9,16.0,15.7,98.0,93.0,0.0,40.0,59.5,1
1833,9,1022.9,11.6,11.3,10.9,8.4,59.0,86.0,0.0,30.0,28.6,1
1834,10,1027.6,17.2,15.5,12.7,9.9,76.0,89.0,0.5,20.0,48.0,1
1835,11,1013.7,16.3,15.2,14.6,13.3,90.0,100.0,0.0,70.0,30.0,1
1836,12,1027.5,14.3,13.4,11.6,3.4,72.0,95.0,0.0,20.0,22.0,1
1837,13,1011.5,18.6,17.4,15.4,16.0,77.0,88.0,0.1,30.0,32.5,1
1838,14,1024.3,17.4,12.9,10.9,8.1,77.0,93.0,0.0,20.0,26.8,1
1839,15,1023.3,18.2,16.5,14.5,12.5,72.0,51.0,10.0,30.0,11.3,0
1840,16,1034.6,10.4,8.7,7.0,2.4,46.0,19.0,10.0,20.0,34.3,0
1841,17,1024.7,15.1,13.7,11.6,6.0,59.0,86.0,10.2,20.0,19.3,1
1842,18,1024.3,14.3,13.3,12.5,10.7,73.0,88.0,0.1,60.0,32.9,1
1843,19,1024.4,19.1,17.4,14.6,13.0,70.0,46.0,10.1,60.0,11.3,0
1844,20,1023.8,20.2,16.6,14.4,11.4,78.0,2.0,10.2,40.0,9.6,0
1845,21,1020.6,15.3,13.8,11.4,3.9,76.0,93.0,0.0,20.0,40.0,1
1846,22,1025.4,20.1,18.4,15.2,13.3,74.0,72.0,7.6,20.0,9.2,0
1847,23,1014.6,18.5,17.3,16.1,16.1,98.0,100.0,0.0,50.0,20.0,1
1848,24,1012.5,22.8,20.9,19.6,19.0,86.0,88.0,0.0,200.0,22.5,1
1849,25,1019.9,20.5,19.6,17.6,16.4,90.0,97.0,0.0,40.0,26.8,1
1850,26,1013.7,19.4,18.1,17.2,15.3,96.0,96.0,0.0,10.0,14.3,1
1851,27,1013.4,18.9,17.7,16.9,16.8,90.0,89.0,1.2,70.0,44.7,1
1852,28,1013.3,24.3,21.5,19.9,19.3,91.0,78.0,1.5,40.0,14.5,1
1853,29,1013.7,24.9,21.3,20.5,19.2,89.0,88.0,0.6,70.0,32.4,1
1854,30,1021.3,25.5,20.6,19.1,12.3,70.0,38.0,9.6,20.0,11.3,0
1855,31,1015.0,24.8,22.4,20.8,17.8,79.0,80.0,3.6,70.0,33.5,1
1856,32,1013.0,24.9,22.2,20.3,19.9,81.0,88.0,2.2,20.0,25.9,0
1857,33,1013.1,24.6,21.3,19.1,20.6,90.0,81.0,2.1,40.0,23.3,1
1858,34,1014.7,24.3,22.2,20.7,16.9,79.0,85.0,2.4,20.0,25.0,1
1859,35,1023.6,23.8,20.7,19.2,15.0,71.0,53.0,10.0,70.0,43.1,1
1860,36,1014.5,19.7,17.8,16.9,16.8,95.0,95.0,0.0,30.0,22.3,1
1861,37,1017.7,17.1,16.1,15.6,15.5,95.0,93.0,0.0,40.0,14.5,1
1862,38,1020.6,25.1,21.8,19.2,16.4,71.0,88.0,0.6,20.0,40.0,1
1863,39,1016.7,18.5,16.5,15.6,14.8,95.0,95.0,0.0,60.0,40.4,1
1864,40,1015.8,20.4,18.4,17.2,15.0,74.0,90.0,0.0,70.0,33.5,1
1865,41,1018.2,25.3,22.4,20.3,19.8,83.0,81.0,1.8,70.0,9.2,0
1866,42,1017.0,24.8,22.3,20.3,17.3,82.0,49.0,6.5,60.0,20.5,1
1867,43,1026.9,18.1,17.4,16.6,12.6,79.0,72.0,6.5,40.0,19.0,0
1868,44,1020.5,15.2,14.6,14.6,12.5,90.0,80.0,0.0,50.0,39.5,1
1869,45,1017.0,16.7,15.5,14.7,14.6,82.0,94.0,0.0,70.0,41.4,1
1870,46,1015.0,20.3,18.1,17.1,15.5,91.0,87.0,0.7,40.0,14.0,1
1871,47,1013.0,15.8,15.3,14.7,11.0,79.0,93.0,0.0,70.0,39.5,1
1872,48,1014.6,20.3,18.4,15.7,16.4,94.0,91.0,0.3,20.0,10.2,1
1873,49,1013.7,22.3,20.1,18.8,19.2,91.0,80.0,0.0,40.0,12.4,1
1874,50,1020.4,15.8,12.5,11.8,11.1,75.0,88.0,0.0,20.0,21.9,1
1875,51,1013.4,21.0,19.0,17.1,18.7,95.0,100.0,0.0,50.0,28.6,1
1876,52,1018.2,22.6,18.2,17.7,16.0,96.0,99.0,0.0,60.0,22.5,1
1877,53,1017.8,15.5,13.6,11.4,11.1,96.0,100.0,0.0,20.0,34.2,1
1878,54,1020.9,17.3,15.4,13.4,9.6,93.0,95.0,0.0,20.0,18.8,1
1879,55,1017.7,23.0,20.8,18.2,15.0,77.0,53.0,10.2,70.0,39.5,0
1880,56,1015.6,19.1,17.5,16.8,16.6,97.0,95.0,0.0,40.0,23.2,1
1881,57,1018.9,16.3,15.3,14.2,13.3,92.0,95.0,0.0,70.0,34.8,1
1882,58,1012.2,24.8,21.6,19.6,19.1,87.0,88.0,0.6,50.0,16.4,1
1883,59,1012.0,25.2,21.3,20.2,19.9,79.0,88.0,2.0,80.0,26.8,1
1884,60,1018.4,25.3,21.2,19.9,18.2,83.0,85.0,3.2,40.0,13.8,1
1885,61,1012.2,20.4,17.8,16.9,16.1,90.0,90.0,2.1,60.0,39.7,1
1886,62,1014.9,20.8,18.1,16.9,15.8,78.0,88.0,0.0,20.0,39.3,1
1887,63,1015.5,17.4,16.6,15.4,15.7,98.0,99.0,0.0,60.0,36.0,1
1888,64,1018.4,17.2,16.3,15.3,15.3,95.0,100.0,0.2,30.0,41.3,1
1889,65,1020.4,16.2,15.9,14.5,9.5,72.0,44.0,10.7,20.0,35.3,0
1890,66,1018.4,19.2,17.3,16.4,11.8,62.0,46.0,10.9,40.0,20.5,0
1891,67,1020.4,23.1,18.3,17.4,16.8,64.0,29.0,6.7,20.0,29.2,0
1892,68,1016.8,23.1,18.4,17.2,20.5,68.0,19.0,10.2,40.0,24.8,0
1893,69,1022.7,17.3,15.7,12.3,11.8,78.0,40.0,9.1,20.0,38.3,0
1894,70,1016.5,17.1,16.3,15.3,13.7,79.0,89.0,0.0,20.0,28.8,1
1895,71,1013.0,21.6,20.9,19.0,18.9,92.0,87.0,2.5,30.0,22.8,1
1896,72,1017.9,16.7,15.6,14.0,11.0,92.0,93.0,0.0,40.0,20.4,0
1897,73,1016.2,25.4,22.4,21.0,20.6,92.0,88.0,0.4,40.0,17.2,1
1898,74,1015.9,23.3,21.1,20.5,17.3,96.0,88.0,0.1,80.0,7.9,1
1899,75,1013.9,24.9,22.3,20.6,21.4,86.0,88.0,0.2,80.0,19.7,1
1900,76,1013.1,25.2,23.1,20.7,20.7,86.0,83.0,5.6,30.0,30.0,1
1901,77,1013.2,24.9,23.3,21.1,22.3,95.0,81.0,0.0,50.0,28.7,1
1902,78,1015.4,26.5,23.2,21.0,21.9,80.0,80.0,0.5,20.0,14.6,1
1903,79,1015.4,25.9,24.5,23.8,12.5,79.0,38.0,10.4,60.0,9.8,0
1904,80,1011.6,25.5,23.8,22.5,21.5,87.0,88.0,1.6,70.0,35.1,1
1905,81,1015.2,25.3,24.8,23.1,23.2,92.0,85.0,0.3,190.0,20.5,1
1906,82,1011.1,24.9,22.4,20.2,19.9,78.0,85.0,1.1,60.0,5.7,1
1907,83,1016.5,26.4,23.3,20.6,22.1,80.0,78.0,1.6,200.0,11.9,1
1908,84,1011.6,26.0,24.3,23.1,22.6,93.0,86.0,0.1,70.0,18.1,1
1909,85,1012.5,26.6,24.7,23.5,18.8,76.0,81.0,0.3,60.0,15.3,1
1910,86,1020.3,27.5,24.4,24.4,20.4,76.0,77.0,1.5,50.0,13.0,1
1911,87,1012.9,25.9,25.9,24.4,23.3,91.0,88.0,1.5,90.0,31.8,1
1912,88,1012.5,27.9,25.5,22.4,23.8,92.0,89.0,0.7,170.0,11.7,1
1913,89,1013.5,27.6,25.8,23.6,23.5,86.0,84.0,0.6,70.0,15.7,1
1914,90,1008.5,27.6,25.4,24.0,24.2,94.0,85.0,1.5,40.0,14.2,1
1915,91,1012.3,27.3,25.1,23.4,22.6,89.0,83.0,6.0,90.0,32.2,1
1916,92,1012.5,23.4,22.8,20.4,19.3,91.0,88.0,0.1,70.0,33.4,1
1917,93,1009.8,27.7,25.4,24.1,24.2,89.0,84.0,1.0,190.0,12.6,1
1918,94,1016.6,26.5,25.3,24.1,24.2,94.0,88.0,1.0,40.0,14.5,1
1919,95,1008.1,28.4,26.0,24.0,22.1,88.0,84.0,3.5,210.0,13.3,1
1920,96,1011.2,27.4,25.8,24.8,22.3,87.0,89.0,0.6,70.0,25.1,1
1921,97,1007.9,28.4,26.5,25.5,23.8,87.0,84.0,1.2,70.0,34.0,1
1922,98,1012.5,27.2,25.6,24.8,21.6,85.0,78.0,0.0,70.0,16.7,1
1923,99,1008.3,29.0,26.6,24.8,22.3,89.0,88.0,3.2,80.0,12.7,1
1924,100,1013.0,28.2,25.5,24.0,22.3,80.0,84.0,2.3,80.0,8.9,1
1925,101,1013.1,29.1,26.2,24.7,23.8,87.0,83.0,3.3,80.0,15.4,1
1926,102,1006.9,27.5,25.0,24.9,22.1,89.0,88.0,0.5,240.0,10.2,0
1927,103,1011.4,29.2,26.9,25.5,23.2,89.0,83.0,3.6,50.0,11.3,0
1928,104,1010.5,27.8,25.8,24.7,20.4,87.0,88.0,0.6,80.0,14.6,1
1929,105,1014.0,26.3,25.0,24.7,24.7,88.0,89.0,0.2,80.0,9.9,1
1930,106,1011.6,30.1,26.8,22.8,23.2,87.0,82.0,2.2,100.0,16.5,1
1931,107,1010.5,29.8,24.9,23.2,22.9,81.0,82.0,2.4,70.0,18.6,1
1932,108,1012.3,27.6,25.4,24.8,24.2,85.0,82.0,1.3,200.0,10.2,1
1933,109,1012.0,28.6,26.5,25.5,23.1,88.0,84.0,1.1,80.0,13.0,1
1934,110,1009.4,30.6,28.3,26.5,24.6,83.0,88.0,5.3,220.0,8.9,1
1935,111,1012.2,26.9,25.4,25.3,22.2,89.0,80.0,2.8,40.0,15.1,1
1936,112,1008.1,28.8,25.7,24.8,23.1,89.0,88.0,1.6,240.0,15.8,1
1937,113,1013.3,30.6,27.0,25.8,23.7,83.0,81.0,1.2,50.0,11.1,0
1938,114,1010.3,26.2,23.1,21.1,21.9,90.0,77.0,2.2,40.0,14.5,1
1939,115,1011.4,25.2,23.1,21.0,20.9,79.0,79.0,3.1,40.0,26.5,0
1940,116,1010.3,27.5,25.9,23.7,21.6,82.0,88.0,6.6,20.0,18.8,1
1941,117,1008.7,31.0,27.8,26.1,24.4,76.0,82.0,2.7,20.0,12.9,1
1942,118,1010.3,26.5,25.9,24.3,22.4,84.0,80.0,3.5,80.0,21.6,1
1943,119,1009.9,27.7,25.3,24.4,22.5,89.0,84.0,1.0,220.0,25.0,1
1944,120,1008.0,27.9,27.8,26.4,25.0,89.0,88.0,1.0,130.0,18.4,1
1945,121,1006.9,30.4,27.9,24.5,23.7,81.0,83.0,3.3,20.0,15.3,1
1946,122,1011.4,29.2,27.1,24.4,23.0,82.0,85.0,6.0,110.0,37.5,1
1947,123,1011.5,29.1,26.8,24.5,23.4,83.0,85.0,1.6,50.0,8.6,1
1948,124,1007.8,28.8,26.7,25.4,24.4,87.0,84.0,1.6,50.0,7.9,1
1949,125,1008.1,30.4,27.8,25.9,24.4,89.0,88.0,1.6,220.0,30.3,1
1950,126,1010.1,29.2,26.6,24.1,22.1,89.0,87.0,2.6,220.0,23.7,1
1951,127,1008.1,28.0,26.8,25.9,25.5,85.0,84.0,0.7,70.0,14.8,1
1952,128,1006.9,28.7,26.6,25.4,25.4,87.0,88.0,0.3,80.0,20.7,1
1953,129,1008.4,28.4,27.0,25.5,25.4,89.0,88.0,0.4,190.0,12.1,1
1954,130,1012.5,31.3,28.0,26.4,25.5,82.0,80.0,4.1,70.0,29.0,1
1955,131,1008.3,31.2,29.7,28.4,26.1,84.0,89.0,1.6,130.0,16.7,1
1956,132,1008.7,32.8,30.1,28.0,26.0,79.0,78.0,9.2,220.0,16.4,1
1957,133,1009.1,33.0,30.0,27.1,26.2,77.0,70.0,6.1,80.0,21.3,1
1958,134,1008.5,30.9,27.0,24.7,25.8,84.0,85.0,3.1,220.0,9.8,1
1959,135,1009.4,33.3,30.2,27.0,24.3,82.0,83.0,2.2,220.0,24.4,1
1960,136,1006.8,33.1,30.3,28.0,25.0,80.0,77.0,7.6,220.0,20.7,1
1961,137,1008.4,31.2,29.1,26.7,25.4,81.0,78.0,3.2,220.0,15.3,1
1962,138,1009.3,31.4,29.6,28.0,25.6,86.0,82.0,1.0,220.0,21.6,1
1963,139,1008.4,29.6,27.5,25.4,25.4,87.0,82.0,2.3,50.0,15.5,1
1964,140,1008.7,33.4,30.1,28.4,25.4,67.0,77.0,9.4,220.0,30.2,1
1965,141,1006.3,33.2,29.9,28.0,26.0,74.0,86.0,3.5,220.0,40.0,1
1966,142,1007.5,28.5,26.5,24.0,23.4,61.0,87.0,1.6,20.0,19.4,0
1967,143,1008.6,32.8,30.0,28.1,25.8,79.0,86.0,2.1,240.0,20.0,1
1968,144,1006.1,32.6,30.0,27.6,25.4,74.0,48.0,10.9,80.0,7.4,0
1969,145,1004.9,29.1,27.1,25.0,26.4,92.0,96.0,0.6,250.0,14.5,1
1970,146,1005.9,27.8,26.7,25.3,25.2,93.0,88.0,0.3,250.3,21.2,1
1971,147,1009.1,28.2,26.3,25.6,23.0,80.0,83.0,1.4,230.0,5.9,1
1972,148,1008.8,30.7,27.4,23.3,24.2,67.0,80.0,8.6,110.0,17.2,1
1973,149,1008.1,32.4,28.3,26.8,24.8,74.0,62.0,7.7,240.0,23.9,0
1974,150,1008.5,31.8,29.6,26.9,25.7,79.0,69.0,6.7,240.0,13.0,0
1975,151,1008.5,33.2,30.8,27.4,24.1,71.0,48.0,10.0,230.0,23.4,0
1976,152,1008.4,33.1,30.6,28.4,24.7,72.0,34.0,11.1,170.0,12.6,0
1977,153,1007.8,33.2,30.7,28.0,25.8,79.0,48.0,10.0,220.0,10.0,0
1978,154,1009.3,33.8,30.3,29.3,26.3,78.0,78.0,7.4,200.0,9.8,0
1979,155,1008.4,35.1,30.6,28.1,25.9,78.0,25.0,11.1,110.0,13.4,0
1980,156,1010.3,33.1,30.1,27.3,25.4,74.0,46.0,10.4,180.0,25.1,1
1981,157,1008.1,32.9,30.4,27.4,25.6,82.0,62.0,5.5,80.0,19.0,1
1982,158,1005.3,30.0,28.4,26.1,25.7,79.0,88.0,3.0,40.0,7.3,1
1983,159,1008.1,33.9,30.6,27.4,24.7,74.0,61.0,6.0,130.0,10.2,1
1984,160,1008.5,32.4,30.0,28.7,25.0,72.0,49.0,10.1,230.0,9.1,0
1985,161,1008.1,33.0,30.7,28.4,25.9,81.0,70.0,7.0,230.0,13.3,1
1986,162,1005.5,31.4,28.3,26.3,25.0,89.0,83.0,0.4,80.0,15.1,1
1987,163,1005.1,33.0,30.0,28.4,24.7,78.0,77.0,7.4,230.0,21.9,1
1988,164,1008.4,32.3,29.2,28.1,25.0,75.0,41.0,8.0,230.0,28.4,0
1989,165,1008.1,33.3,30.1,28.1,25.8,78.0,72.0,7.7,190.0,12.4,0
1990,166,1007.9,32.8,29.0,27.5,25.6,80.0,77.0,6.5,230.0,15.8,0
1991,167,1007.1,31.9,28.9,26.3,24.7,81.0,84.0,1.3,130.0,26.0,1
1992,168,1008.8,31.1,28.6,27.7,25.9,81.0,81.0,2.2,200.0,32.4,1
1993,169,1002.5,33.7,30.1,29.1,26.7,82.0,69.0,6.0,220.0,22.9,1
1994,170,1000.2,32.5,30.1,28.0,25.5,78.0,79.0,6.6,200.0,12.8,0
1995,171,1009.8,31.7,28.9,25.6,25.0,85.0,82.0,3.6,220.0,22.3,1
1996,172,1002.2,30.4,28.4,27.7,25.3,82.0,60.0,1.1,60.0,25.0,1
1997,173,1005.7,30.9,28.1,25.4,26.0,87.0,84.0,2.1,210.0,11.0,1
1998,174,1008.3,32.4,28.8,26.0,25.1,77.0,60.0,8.4,230.0,26.0,0
1999,175,1009.2,29.5,27.4,27.4,25.9,79.0,60.0,5.1,110.0,11.3,0
2000,176,1006.0,29.2,27.7,26.3,25.8,83.0,86.0,0.3,240.0,23.5,1
2001,177,1009.6,31.2,28.9,26.3,25.4,87.0,85.0,2.4,200.0,22.3,1
2002,178,1008.7,31.3,29.7,28.1,26.0,92.0,84.0,0.4,220.0,24.5,1
2003,179,1008.9,29.1,27.5,25.3,25.4,81.0,86.0,1.1,220.0,15.7,1
2004,180,1007.9,32.2,29.7,28.0,26.0,75.0,69.0,6.5,200.0,16.4,1
2005,181,1008.3,33.0,30.1,27.0,25.4,81.0,48.0,8.8,240.0,16.0,0
2006,182,1008.7,32.5,30.0,28.1,26.2,78.0,57.0,9.1,220.0,14.8,0
2007,183,1008.4,32.0,30.0,28.2,26.4,77.0,78.0,6.5,230.0,28.0,1
2008,184,1008.1,31.0,28.1,26.8,25.1,81.0,84.0,2.1,190.0,15.9,1
2009,185,1008.3,31.4,28.3,26.5,24.8,77.0,84.0,3.3,140.0,21.9,1
2010,186,1006.5,35.1,31.0,26.9,25.0,74.0,58.0,10.6,180.0,8.9,0
2011,187,1006.1,32.5,30.2,28.6,25.3,77.0,79.0,6.4,220.0,10.3,1
2012,188,1008.4,32.0,30.3,28.3,26.2,79.0,54.0,6.3,240.0,10.9,1
2013,189,1008.8,32.3,29.3,27.0,24.8,81.0,56.0,9.1,170.0,9.5,0
2014,190,1005.6,32.3,29.1,26.9,25.8,74.0,72.0,11.8,200.0,11.2,0
2015,191,1006.2,33.8,30.3,28.3,26.4,81.0,87.0,5.7,230.0,21.8,0
2016,192,1010.0,33.3,30.4,27.6,25.9,82.0,83.0,2.6,50.0,10.2,1
2017,193,1008.3,33.0,30.6,29.0,26.0,79.0,72.0,8.3,220.0,13.9,1
2018,194,1006.6,33.7,29.1,27.5,25.3,79.0,78.0,5.3,20.0,23.7,1
2019,195,1009.7,32.8,30.2,28.9,25.4,78.0,43.0,8.1,240.0,10.2,0
2020,196,1008.1,33.9,30.1,27.0,24.8,76.0,49.0,8.8,10.0,10.0,1
2021,197,1007.5,32.9,29.7,27.9,24.4,78.0,38.0,11.8,210.0,17.3,1
2022,198,1005.8,33.4,30.2,28.1,24.3,80.0,78.0,4.3,220.0,20.8,1
2023,199,1008.4,32.9,30.2,28.6,25.3,79.0,57.0,10.6,230.0,19.6,1
2024,200,999.0,35.1,31.0,26.8,26.1,77.0,57.0,9.1,20.0,20.9,0
2025,201,1009.5,32.3,29.2,27.8,24.6,84.0,72.0,6.2,100.0,12.0,0
2026,202,1010.7,31.9,28.9,26.7,25.7,84.0,81.0,3.2,60.0,6.6,1
2027,203,1005.5,31.1,28.7,26.9,24.5,82.0,84.0,1.6,220.0,12.1,1
2028,204,1008.1,31.2,28.6,25.3,25.4,76.0,46.0,11.7,220.0,12.6,0
2029,205,1009.9,31.9,28.8,27.4,26.1,84.0,88.0,2.7,80.0,17.2,1
2030,206,1011.1,30.9,27.5,25.4,25.4,89.0,82.0,1.2,110.0,16.3,1
2031,207,1009.1,30.2,27.9,26.3,25.3,87.0,84.0,2.1,230.0,14.0,1
2032,208,1006.7,31.7,28.2,27.0,25.0,88.0,80.0,2.5,230.0,14.3,1
2033,209,1008.9,30.6,27.2,25.5,26.6,87.0,88.0,0.2,220.0,12.5,1
2034,210,1006.9,32.1,29.4,27.2,24.7,84.0,86.0,1.4,220.0,12.4,1
2035,211,1008.8,33.0,30.3,28.0,25.2,78.0,72.0,7.2,220.0,16.0,1
2036,212,1008.2,32.2,28.7,26.4,24.3,79.0,78.0,9.5,220.0,9.8,1
2037,213,1008.3,32.5,28.6,26.6,25.3,80.0,77.0,2.4,300.0,24.4,1
2038,214,1008.3,34.4,30.3,28.7,25.3,77.0,43.0,8.4,120.0,13.8,0
2039,215,1008.4,30.6,27.8,25.2,25.2,80.0,77.0,5.7,230.0,12.4,1
2040,216,999.0,32.8,29.1,26.8,26.0,84.0,51.0,7.0,200.0,11.8,1
2041,217,1008.1,29.8,27.8,25.5,23.3,86.0,82.0,1.9,200.0,14.1,1
2042,218,1008.5,33.4,29.0,25.9,23.3,74.0,32.0,10.2,50.0,22.8,0
2043,219,1005.6,34.7,30.0,29.0,26.0,84.0,83.0,0.5,230.0,16.5,1
2044,220,1008.5,31.2,28.4,26.9,25.0,89.0,88.0,1.0,180.0,11.7,1
2045,221,1008.1,31.4,28.4,26.3,24.9,82.0,80.0,2.0,20.0,7.4,1
2046,222,1008.5,31.7,28.2,26.5,24.2,87.0,87.0,2.6,220.0,13.2,1
2047,223,1007.9,34.2,30.1,27.8,24.7,74.0,72.0,10.4,220.0,8.9,0
2048,224,1006.7,32.8,30.1,28.1,24.3,74.0,23.0,10.4,220.0,12.4,0
2049,225,1006.0,28.9,26.1,24.6,24.9,82.0,81.0,6.5,240.0,9.1,1
2050,226,1000.3,28.7,26.0,24.7,23.3,86.0,83.0,0.1,210.0,20.2,1
2051,227,1012.5,27.8,25.9,24.5,23.8,89.0,81.0,2.2,80.0,19.8,1
2052,228,1012.0,28.1,25.9,24.5,23.3,78.0,83.0,2.5,80.0,19.4,1
2053,229,1013.0,30.9,29.7,28.0,25.0,78.0,84.0,1.5,220.0,23.4,1
2054,230,1009.9,29.1,26.7,25.4,25.4,89.0,85.0,3.3,200.0,22.0,1
2055,231,1003.8,29.1,28.7,27.7,24.5,93.0,84.0,1.6,230.0,27.1,1
2056,232,1011.1,33.0,30.1,27.5,24.2,70.0,39.0,9.5,10.0,28.3,0
2057,233,1005.3,31.0,27.2,26.2,24.9,82.0,86.0,1.6,80.0,28.7,1
2058,234,1011.2,28.3,26.4,25.5,24.8,82.0,79.0,2.4,60.0,13.7,1
2059,235,1008.2,28.4,26.8,24.7,24.3,92.0,88.0,0.3,110.0,15.9,1
2060,236,1013.0,29.4,26.5,24.8,22.3,76.0,84.0,4.8,20.0,5.9,1
2061,237,1011.4,29.1,26.8,24.9,22.1,75.0,46.0,8.3,140.0,9.1,1
2062,238,1006.7,31.9,29.2,26.2,25.4,81.0,84.0,2.0,230.0,33.5,1
2063,239,1011.4,31.9,28.7,26.8,24.5,81.0,69.0,5.5,70.0,29.3,1
2064,240,1014.4,30.5,27.2,26.0,25.2,88.0,83.0,3.6,230.0,20.0,1
2065,241,1011.1,31.0,28.1,26.8,24.9,78.0,60.0,8.4,140.0,12.0,1
2066,242,1008.4,28.9,26.9,25.4,25.4,89.0,88.0,1.1,230.0,39.7,1
2067,243,1008.8,32.0,29.1,27.4,25.4,86.0,84.0,1.5,220.0,35.3,1
2068,244,1011.1,28.6,26.8,25.4,23.9,84.0,78.0,3.0,230.0,9.8,1
2069,245,1008.2,32.8,29.4,26.6,25.9,84.0,88.0,0.8,210.0,28.9,1
2070,246,1010.4,31.0,28.0,26.5,23.3,85.0,58.0,6.0,80.0,14.5,0
2071,247,1006.7,30.8,28.1,26.9,25.9,87.0,53.0,11.1,200.0,37.0,0
2072,248,1013.0,30.2,28.1,26.2,24.1,80.0,70.0,6.2,210.0,14.8,0
2073,249,1011.5,30.5,27.4,25.5,23.8,76.0,53.0,10.1,50.0,28.6,1
2074,250,1008.1,32.1,28.1,26.7,24.8,79.0,78.0,7.7,230.0,39.3,1
2075,251,1013.3,30.9,28.3,26.6,21.2,75.0,32.0,10.0,220.0,25.0,0
2076,252,1010.3,29.4,27.9,26.6,23.1,79.0,81.0,3.4,40.0,8.9,1
2077,253,1008.9,32.3,29.1,26.2,25.4,87.0,88.0,2.8,230.0,11.9,1
2078,254,1006.7,32.8,29.6,25.5,20.9,75.0,38.0,10.1,220.0,12.8,0
2079,255,1008.1,31.7,28.1,26.8,24.9,81.0,88.0,0.4,40.0,13.6,1
2080,256,1007.3,31.2,28.0,26.2,25.0,86.0,83.0,0.9,230.0,52.8,1
2081,257,1008.9,32.7,29.0,27.0,25.8,74.0,61.0,9.8,220.0,44.7,1
2082,258,1012.7,28.4,26.9,24.3,23.1,81.0,85.0,0.6,70.0,30.4,1
2083,259,1006.8,30.9,27.6,25.4,26.0,97.0,88.0,0.5,130.0,30.0,1
2084,260,1005.7,27.9,26.1,25.9,24.5,94.0,87.0,2.2,20.0,35.8,1
2085,261,1008.4,31.1,28.3,26.0,25.4,86.0,83.0,8.1,270.0,34.0,1
2086,262,1013.1,30.1,26.0,24.4,24.8,81.0,56.0,2.4,80.0,21.9,1
2087,263,1007.6,28.2,25.5,23.9,21.6,68.0,39.0,8.2,230.0,8.7,0
2088,264,1013.5,28.6,25.8,22.4,24.7,79.0,84.0,6.7,190.0,8.3,0
2089,265,1015.5,30.2,27.7,24.5,20.9,76.0,68.0,7.7,70.0,8.3,0
2090,266,1018.9,31.0,28.7,26.6,24.8,85.0,53.0,4.5,220.0,14.7,0
2091,267,1008.8,27.5,25.4,24.9,23.2,92.0,95.0,0.0,40.0,25.1,1
2092,268,1013.7,29.2,25.3,23.1,20.7,77.0,19.0,9.5,20.0,10.3,0
2093,269,1015.4,31.8,28.0,26.4,24.7,79.0,72.0,7.8,210.0,20.2,0
2094,270,1016.8,31.2,28.7,27.0,23.1,77.0,47.0,8.5,70.0,25.0,1
2095,271,1012.4,27.0,24.8,22.3,21.9,85.0,85.0,2.7,70.0,39.7,1
2096,272,1015.6,29.6,25.5,23.3,20.9,75.0,47.0,10.5,80.0,9.0,1
2097,273,1013.3,30.3,26.8,24.5,19.3,70.0,50.0,10.0,20.0,8.0,1
2098,274,1018.9,27.2,25.6,24.4,23.2,83.0,84.0,1.2,60.0,16.0,1
2099,275,1014.5,24.8,22.4,20.4,20.7,95.0,85.0,0.0,60.0,38.0,1
2100,276,1011.8,23.6,21.1,19.6,19.6,72.0,53.0,9.6,65.0,21.6,1
2101,277,1017.1,26.9,25.5,24.3,23.1,93.0,77.0,0.3,70.0,28.3,1
2102,278,1010.9,27.6,24.5,22.4,19.0,74.0,61.0,7.6,20.0,14.7,1
2103,279,1014.9,26.2,24.5,24.0,21.4,78.0,82.0,2.3,80.0,37.5,1
2104,280,1016.8,26.9,24.3,23.8,22.1,81.0,83.0,0.9,40.0,21.3,1
2105,281,1014.5,24.2,22.0,21.8,21.8,83.0,84.0,1.9,40.0,25.9,1
2106,282,1017.0,27.9,25.8,24.3,21.1,83.0,65.0,1.0,10.0,11.2,1
2107,283,1015.4,28.9,25.4,23.4,19.6,75.0,51.0,7.7,40.0,22.8,0
2108,284,1019.1,26.4,23.1,21.0,19.1,79.0,69.0,4.6,60.0,19.4,1
2109,285,1019.9,26.9,24.0,23.2,19.9,83.0,69.0,5.7,70.0,9.1,1
2110,286,1019.1,25.4,23.1,22.1,16.3,82.0,59.0,1.0,40.0,29.6,0
2111,287,1017.1,29.6,25.8,24.5,19.3,79.0,46.0,7.7,70.0,20.5,1
2112,288,1013.8,28.2,25.8,23.4,21.4,70.0,53.0,9.3,70.0,33.5,0
2113,289,1013.9,29.1,25.2,23.0,22.4,81.0,70.0,2.4,60.0,32.4,1
2114,290,1013.0,29.8,26.8,24.5,21.1,78.0,49.0,9.7,80.0,24.4,0
2115,291,1012.3,29.1,26.8,24.0,23.4,83.0,74.0,5.7,50.0,20.5,1
2116,292,1018.4,26.9,24.7,22.6,21.4,82.0,86.0,1.2,80.0,21.6,1
2117,293,1019.6,25.9,23.3,21.0,22.3,79.0,85.0,2.9,80.0,24.9,1
2118,294,1012.4,27.7,25.8,24.4,22.1,82.0,87.0,1.1,70.0,40.8,1
2119,295,1016.5,26.2,23.9,22.3,19.3,79.0,74.0,7.4,40.0,10.7,1
2120,296,1019.5,24.8,22.6,20.3,17.8,78.0,84.0,0.0,20.0,22.1,1
2121,297,1019.1,24.9,23.8,20.6,18.5,87.0,79.0,7.7,60.0,25.1,1
2122,298,1017.8,26.9,24.9,22.7,21.1,91.0,79.0,0.7,70.0,12.5,1
2123,299,1017.4,26.5,24.8,23.8,22.5,87.0,77.0,4.6,90.0,44.7,1
2124,300,1017.7,28.2,25.2,23.1,22.9,87.0,81.0,3.4,40.0,14.8,1
2125,301,1014.9,26.1,24.4,23.1,23.2,89.0,88.0,3.5,80.0,29.6,1
2126,302,1019.1,29.4,25.8,23.3,18.5,90.0,80.0,2.6,50.0,10.2,1
2127,303,1016.4,26.3,23.7,21.0,22.3,81.0,84.0,0.6,80.0,8.0,1
2128,304,1017.2,25.6,23.5,21.0,19.9,88.0,75.0,5.4,40.0,28.8,1
2129,305,1018.8,26.4,24.7,23.3,21.3,85.0,82.0,1.5,70.0,19.7,1
2130,306,1017.0,27.8,25.6,24.5,23.2,87.0,84.0,1.2,60.0,11.7,1
2131,307,1016.2,26.5,24.8,24.4,22.4,84.0,87.0,1.2,80.0,37.5,1
2132,308,1014.3,27.8,26.4,25.5,21.4,81.0,88.0,1.2,80.0,26.4,1
2133,309,1015.4,26.8,23.3,22.4,18.4,82.0,82.0,1.2,70.0,37.9,1
2134,310,1017.6,22.3,20.0,18.3,18.0,77.0,87.0,0.2,60.0,14.0,1
2135,311,1014.3,22.3,21.1,19.1,19.9,91.0,79.0,3.6,40.0,20.0,1
2136,312,1020.8,21.1,18.7,15.9,13.9,75.0,46.0,3.3,40.0,15.8,0
2137,313,1014.8,21.3,20.4,18.0,18.4,86.0,84.0,0.2,80.0,26.5,1
2138,314,1017.7,22.4,21.0,19.1,19.4,85.0,77.0,0.6,70.0,31.2,1
2139,315,1015.7,23.2,20.6,19.6,18.1,91.0,85.0,0.0,40.0,20.0,1
2140,316,1021.8,25.1,22.6,18.2,17.8,68.0,34.0,9.1,60.0,15.3,0
2141,317,1016.8,25.3,22.5,20.0,19.9,81.0,90.0,2.0,50.0,12.5,1
2142,318,1014.6,23.2,22.2,20.7,17.3,90.0,89.0,0.1,50.0,37.5,1
2143,319,1015.2,22.3,20.4,19.9,19.1,90.0,90.0,0.0,70.0,21.6,1
2144,320,1021.5,21.1,17.7,15.6,11.2,77.0,89.0,0.3,40.0,14.1,1
2145,321,1022.8,22.6,18.5,17.2,13.3,75.0,88.0,0.3,80.0,28.0,1
2146,322,1019.4,20.4,18.5,17.0,14.2,85.0,88.0,1.9,60.0,19.8,1
2147,323,1018.2,22.9,20.8,19.6,19.6,94.0,84.0,0.0,40.0,20.3,1
2148,324,1017.0,21.9,20.4,19.3,18.6,95.0,83.0,0.0,50.0,24.8,1
2149,325,1019.1,19.6,17.6,17.1,16.1,92.0,84.0,0.0,70.0,33.4,1
2150,326,1020.8,21.2,19.9,17.1,15.6,77.0,88.0,0.2,50.0,15.5,1
2151,327,1016.8,19.9,18.2,17.2,16.8,85.0,93.0,0.0,70.0,26.4,1
2152,328,1016.8,25.1,21.6,19.4,18.6,78.0,84.0,0.1,40.0,17.2,1
2153,329,1016.6,24.1,22.4,20.5,17.3,78.0,61.0,7.7,20.0,29.8,1
2154,330,1022.3,18.4,16.8,15.0,12.1,78.0,78.0,3.3,50.0,25.9,1
2155,331,1020.4,17.4,15.2,14.0,-0.3,45.0,17.0,8.5,50.0,15.4,0
2156,332,1022.4,19.2,16.7,13.7,3.5,70.0,47.0,9.1,20.0,35.6,0
2157,333,1020.3,17.3,13.7,11.3,10.1,84.0,88.0,3.7,20.0,12.4,1
2158,334,1024.4,17.6,16.1,15.2,8.9,64.0,81.0,0.0,60.0,48.0,1
2159,335,1020.6,16.2,15.3,14.9,12.1,79.0,86.0,0.9,20.0,22.5,1
2160,336,1020.3,20.2,16.8,14.5,11.9,72.0,88.0,0.0,40.0,27.3,1
2161,337,1022.4,16.2,15.2,12.7,9.2,78.0,88.0,0.0,50.0,35.8,1
2162,338,1022.8,17.5,15.5,14.2,10.0,78.0,78.0,3.5,20.0,25.0,0
2163,339,1021.3,16.5,15.6,14.0,12.8,85.0,83.0,0.0,40.0,24.3,1
2164,340,1017.7,17.3,16.6,15.4,13.5,84.0,93.0,0.0,70.0,43.8,1
2165,341,1019.8,16.5,15.2,13.8,11.2,76.0,93.0,0.1,20.0,39.5,1
2166,342,1019.4,17.1,15.0,14.8,12.5,75.0,88.0,0.2,50.0,20.4,1
2167,343,1021.8,19.7,17.7,15.2,9.8,62.0,89.0,0.6,50.0,37.9,1
2168,344,1025.4,17.5,16.5,15.3,6.6,64.0,85.0,0.1,20.0,27.0,1
2169,345,1016.3,16.3,16.5,15.8,16.6,91.0,83.0,0.3,50.0,29.8,0
2170,346,1024.1,19.3,18.3,17.3,18.8,77.0,84.0,8.3,80.0,31.8,1
2171,347,1018.4,21.4,20.9,20.3,19.9,91.0,84.0,0.0,50.0,23.7,1
2172,348,1016.8,21.9,20.0,19.7,18.8,90.0,88.0,0.0,70.0,34.8,1
2173,349,1022.2,17.5,16.5,15.9,13.3,77.0,88.0,0.0,50.0,24.2,1
2174,350,1020.8,20.1,16.8,14.8,8.8,70.0,78.0,6.6,50.0,14.7,0
2175,351,1017.0,20.9,18.8,17.8,15.0,79.0,83.0,1.6,50.0,20.0,0
2176,352,1020.0,21.1,18.1,17.0,14.3,78.0,88.0,0.0,70.0,33.2,1
2177,353,1017.6,19.9,18.8,17.6,16.7,86.0,82.0,0.0,70.0,18.6,0
2178,354,1016.4,22.9,20.5,19.7,17.3,79.0,81.0,2.0,50.0,25.9,1
2179,355,1021.2,20.9,18.9,17.2,16.6,79.0,88.0,0.1,50.0,26.7,1
2180,356,1017.1,22.3,20.8,19.1,18.9,76.0,78.0,1.5,40.0,14.2,1
2181,357,1021.8,22.9,20.8,19.2,15.5,76.0,49.0,9.3,50.0,35.6,0
2182,358,1022.6,18.5,16.8,15.8,12.1,80.0,88.0,1.3,30.0,24.4,1
2183,359,1016.9,18.4,16.4,15.3,13.6,79.0,84.0,2.4,40.0,38.0,1
2184,360,1015.8,20.9,18.8,17.6,17.7,78.0,88.0,0.0,20.0,30.6,1
2185,361,1014.6,23.2,20.6,19.1,19.9,97.0,88.0,0.1,40.0,22.1,1
2186,362,1012.4,17.2,17.3,16.3,15.3,91.0,88.0,0.0,50.0,35.3,1
2187,363,1013.3,19.0,16.3,14.3,12.6,79.0,79.0,5.0,40.0,32.9,1
2188,364,1022.3,16.4,15.2,13.8,14.7,92.0,93.0,0.1,40.0,18.0,1
2189,365,1013.8,21.2,19.1,18.0,18.0,89.0,88.0,1.0,70.0,48.0,1
